id,status,lang,width,http
late-response-preserves-latest-input,PASS,,,
single-in-flight-15,PASS,,,
old-ack-preserves-local-15,PASS,,,
latest-confirmed-15,PASS,,,
reload-latest-15,PASS,,,
single-in-flight-18,PASS,,,
old-ack-preserves-local-18,PASS,,,
latest-confirmed-18,PASS,,,
reload-latest-18,PASS,,,
two-tabs-409-local-preserved,PASS,,,
conflict-no-blind-retry,PASS,,,
conflict-reload-restores-local,PASS,,,
winning-tab-remains-intact,PASS,,,
network-failure-preserves-copy,PASS,,,
network-failure-reload,PASS,,,
keyboard-next-field,PASS,,,
network-retry-persists,PASS,,,
access-denied-local-preserved,PASS,,,403
input-local-ru-360,PASS,ru,360,
saved-current-ru-360,PASS,ru,360,200
geometry-ru-360,PASS,ru,360,
reload-ru-360,PASS,ru,360,
input-local-ru-390,PASS,ru,390,
saved-current-ru-390,PASS,ru,390,200
geometry-ru-390,PASS,ru,390,
reload-ru-390,PASS,ru,390,
input-local-ru-768,PASS,ru,768,
saved-current-ru-768,PASS,ru,768,200
geometry-ru-768,PASS,ru,768,
reload-ru-768,PASS,ru,768,
input-local-ru-1024,PASS,ru,1024,
saved-current-ru-1024,PASS,ru,1024,200
geometry-ru-1024,PASS,ru,1024,
reload-ru-1024,PASS,ru,1024,
input-local-ru-1280,PASS,ru,1280,
saved-current-ru-1280,PASS,ru,1280,200
geometry-ru-1280,PASS,ru,1280,
reload-ru-1280,PASS,ru,1280,
input-local-ru-1440,PASS,ru,1440,
saved-current-ru-1440,PASS,ru,1440,200
geometry-ru-1440,PASS,ru,1440,
reload-ru-1440,PASS,ru,1440,
input-local-az-360,PASS,az,360,
saved-current-az-360,PASS,az,360,200
geometry-az-360,PASS,az,360,
reload-az-360,PASS,az,360,
input-local-az-390,PASS,az,390,
saved-current-az-390,PASS,az,390,200
geometry-az-390,PASS,az,390,
reload-az-390,PASS,az,390,
input-local-az-768,PASS,az,768,
saved-current-az-768,PASS,az,768,200
geometry-az-768,PASS,az,768,
reload-az-768,PASS,az,768,
input-local-az-1024,PASS,az,1024,
saved-current-az-1024,PASS,az,1024,200
geometry-az-1024,PASS,az,1024,
reload-az-1024,PASS,az,1024,
input-local-az-1280,PASS,az,1280,
saved-current-az-1280,PASS,az,1280,200
geometry-az-1280,PASS,az,1280,
reload-az-1280,PASS,az,1280,
input-local-az-1440,PASS,az,1440,
saved-current-az-1440,PASS,az,1440,200
geometry-az-1440,PASS,az,1440,
reload-az-1440,PASS,az,1440,
input-local-en-360,PASS,en,360,
saved-current-en-360,PASS,en,360,200
geometry-en-360,PASS,en,360,
reload-en-360,PASS,en,360,
input-local-en-390,PASS,en,390,
saved-current-en-390,PASS,en,390,200
geometry-en-390,PASS,en,390,
reload-en-390,PASS,en,390,
input-local-en-768,PASS,en,768,
saved-current-en-768,PASS,en,768,200
geometry-en-768,PASS,en,768,
reload-en-768,PASS,en,768,
input-local-en-1024,PASS,en,1024,
saved-current-en-1024,PASS,en,1024,200
geometry-en-1024,PASS,en,1024,
reload-en-1024,PASS,en,1024,
input-local-en-1280,PASS,en,1280,
saved-current-en-1280,PASS,en,1280,200
geometry-en-1280,PASS,en,1280,
reload-en-1280,PASS,en,1280,
input-local-en-1440,PASS,en,1440,
saved-current-en-1440,PASS,en,1440,200
geometry-en-1440,PASS,en,1440,
reload-en-1440,PASS,en,1440,
localized-conflict-ru-360,PASS,ru,360,
reload-competing-versions-ru-360,PASS,ru,360,
localized-conflict-ru-390,PASS,ru,390,
reload-competing-versions-ru-390,PASS,ru,390,
localized-conflict-ru-768,PASS,ru,768,
reload-competing-versions-ru-768,PASS,ru,768,
localized-conflict-ru-1440,PASS,ru,1440,
reload-competing-versions-ru-1440,PASS,ru,1440,
localized-conflict-az-360,PASS,az,360,
reload-competing-versions-az-360,PASS,az,360,
localized-conflict-az-390,PASS,az,390,
reload-competing-versions-az-390,PASS,az,390,
localized-conflict-az-768,PASS,az,768,
reload-competing-versions-az-768,PASS,az,768,
localized-conflict-az-1440,PASS,az,1440,
reload-competing-versions-az-1440,PASS,az,1440,
localized-conflict-en-360,PASS,en,360,
reload-competing-versions-en-360,PASS,en,360,
localized-conflict-en-390,PASS,en,390,
reload-competing-versions-en-390,PASS,en,390,
localized-conflict-en-768,PASS,en,768,
reload-competing-versions-en-768,PASS,en,768,
localized-conflict-en-1440,PASS,en,1440,
reload-competing-versions-en-1440,PASS,en,1440,
production,NOT RUN,,,
full-suite,NOT RUN,,,
physical-mobile-screenreader,NOT RUN,,,
close-tab-other-browser-restoration,NOT RUN,,,
other-org-findings,NOT RUN,,,
